<?xml version="1.0" encoding="UTF-8"?>
<!DOCTYPE mapper PUBLIC "-//mybatis.org//DTD Mapper 3.0//EN" "http://mybatis.org/dtd/mybatis-3-mapper.dtd">
<mapper namespace="io.seata.samples.sca.provider.mapper.TbUserMapper">
    <resultMap id="BaseResultMap" type="io.seata.samples.sca.common.domain.TbUser">
        <id column="id" jdbcType="INTEGER" property="id"/>
        <result column="name" jdbcType="VARCHAR" property="name"/>
        <result column="age" jdbcType="INTEGER" property="age"/>
    </resultMap>
    <sql id="Base_Column_List">
        id
        , name, age
    </sql>
    <select id="selectByPrimaryKey" parameterType="java.lang.Integer" resultMap="BaseResultMap">
        select
        <include refid="Base_Column_List"/>
        from tb_user
        where id = #{id,jdbcType=INTEGER}
    </select>
    <delete id="deleteByPrimaryKey" parameterType="java.lang.Integer">
        delete
        from tb_user
        where id = #{id,jdbcType=INTEGER}
    </delete>
    <insert id="insert" parameterType="io.seata.samples.sca.common.domain.TbUser">
        insert into tb_user (id, name, age)
        values (#{id,jdbcType=INTEGER}, #{name,jdbcType=VARCHAR}, #{age,jdbcType=INTEGER})
    </insert>
    <insert id="insertSelective" parameterType="io.seata.samples.sca.common.domain.TbUser">
        insert into tb_user
        <trim prefix="(" suffix=")" suffixOverrides=",">
            <if test="id != null">
                id,
            </if>
            <if test="name != null">
                name,
            </if>
            <if test="age != null">
                age,
            </if>
        </trim>
        <trim prefix="values (" suffix=")" suffixOverrides=",">
            <if test="id != null">
                #{id,jdbcType=INTEGER},
            </if>
            <if test="name != null">
                #{name,jdbcType=VARCHAR},
            </if>
            <if test="age != null">
                #{age,jdbcType=INTEGER},
            </if>
        </trim>
    </insert>
    <update id="updateByPrimaryKeySelective" parameterType="io.seata.samples.sca.common.domain.TbUser">
        update tb_user
        <set>
            <if test="name != null">
                name = #{name,jdbcType=VARCHAR},
            </if>
            <if test="age != null">
                age = #{age,jdbcType=INTEGER},
            </if>
        </set>
        where id = #{id,jdbcType=INTEGER}
    </update>
    <update id="updateByPrimaryKey" parameterType="io.seata.samples.sca.common.domain.TbUser">
        update tb_user
        set name = #{name,jdbcType=VARCHAR},
            age  = #{age,jdbcType=INTEGER}
        where id = #{id,jdbcType=INTEGER}
    </update>
</mapper>