<?xml version="1.0" encoding="UTF-8"?>
<!DOCTYPE mapper PUBLIC "-//mybatis.org//DTD Mapper 3.0//EN" "http://mybatis.org/dtd/mybatis-3-mapper.dtd">
<mapper namespace="io.seata.samples.integration.order.mapper.TOrderMapper">

    <!-- 开启二级缓存 -->
    <!--<cache type="org.mybatis.caches.ehcache.LoggingEhcache"/>-->

    <!-- 通用查询映射结果 -->
    <resultMap id="BaseResultMap" type="io.seata.samples.integration.order.entity.TOrder">
        <id column="id" property="id"/>
        <result column="order_no" property="orderNo"/>
        <result column="user_id" property="userId"/>
        <result column="commodity_code" property="commodityCode"/>
        <result column="count" property="count"/>
        <result column="amount" property="amount"/>
    </resultMap>

    <!-- 通用查询结果列 -->
    <sql id="Base_Column_List">
        id
        , order_no, user_id, commodity_code, count, amount
    </sql>
    <!--创建订单-->
    <insert id="createOrder" keyProperty="id" useGeneratedKeys="true"
            parameterType="io.seata.samples.integration.order.entity.TOrder">
        insert into t_order
        values (null, #{order.orderNo}, #{order.userId}, #{order.commodityCode}, ${order.count}, ${order.amount})
    </insert>

</mapper>
