<?xml version="1.0" encoding="UTF-8"?>
<beans xmlns="http://www.springframework.org/schema/beans"
       xmlns:xsi="http://www.w3.org/2001/XMLSchema-instance"
       xsi:schemaLocation="http://www.springframework.org/schema/beans http://www.springframework.org/schema/beans/spring-beans.xsd"
       default-autowire="byName">

    <!-- 转入账户数据源配置 -->

    <bean id="toAccountDataSource" class="org.apache.commons.dbcp.BasicDataSource" destroy-method="close">
        <property name="driverClassName">
            <value>org.h2.Driver</value>
        </property>
        <property name="url">
            <value>jdbc:h2:~/transfer_db/transfer_to_db</value>
        </property>
        <property name="username">
            <value>sa</value>
        </property>
        <property name="password">
            <value></value>
        </property>
    </bean>

    <bean id="toDsTransactionManager" class="org.springframework.jdbc.datasource.DataSourceTransactionManager">
        <property name="dataSource" ref="toAccountDataSource"/>
    </bean>

    <bean id="toDsTransactionTemplate" class="org.springframework.transaction.support.TransactionTemplate">
        <property name="propagationBehaviorName">
            <value>PROPAGATION_REQUIRES_NEW</value>
        </property>
        <property name="transactionManager">
            <ref bean="toDsTransactionManager"/>
        </property>
    </bean>

    <!-- mybatis -->

    <bean id="toDsSqlSessionFactory" class="org.mybatis.spring.SqlSessionFactoryBean">
        <property name="dataSource" ref="toAccountDataSource"/>
        <property name="configLocation" value="classpath:sqlmap/sqlMapConfig.xml"/>
    </bean>

    <bean id="toDsSqlSession" class="org.mybatis.spring.SqlSessionTemplate">
        <constructor-arg index="0" ref="toDsSqlSessionFactory"/>
    </bean>

    <bean id="toDsSqlMapClientDAO" abstract="true">
        <property name="sqlSession">
            <ref bean="toDsSqlSession"/>
        </property>
    </bean>

    <!-- 转入账户 DAO -->
    <bean id="toAccountDAO" class="io.seata.samples.tcc.transfer.dao.impl.AccountDAOImpl" parent="toDsSqlMapClientDAO"/>

</beans>