<?xml version="1.0" encoding="UTF-8"?>
<!--
  ~  Copyright 1999-2018 Alibaba Group Holding Ltd.
  ~
  ~  Licensed under the Apache License, Version 2.0 (the "License");
  ~  you may not use this file except in compliance with the License.
  ~  You may obtain a copy of the License at
  ~
  ~       http://www.apache.org/licenses/LICENSE-2.0
  ~
  ~  Unless required by applicable law or agreed to in writing, software
  ~  distributed under the License is distributed on an "AS IS" BASIS,
  ~  WITHOUT WARRANTIES OR CONDITIONS OF ANY KIND, either express or implied.
  ~  See the License for the specific language governing permissions and
  ~  limitations under the License.
  -->

<beans xmlns:xsi="http://www.w3.org/2001/XMLSchema-instance"
       xmlns="http://www.springframework.org/schema/beans"
       xsi:schemaLocation="http://www.springframework.org/schema/beans http://www.springframework.org/schema/beans/spring-beans.xsd"
       default-autowire="byName">

    <!-- fescar bean scanner -->
    <bean class="io.seata.spring.annotation.GlobalTransactionScanner">
        <constructor-arg value="tcc-sample"/>
        <constructor-arg value="my_test_tx_group"/>
    </bean>

    <bean id="firstTccActionImpl" class="io.seata.samples.tcc.transfer.action.impl.FirstTccActionImpl"/>

    <bean id="secondTccActionImpl" class="io.seata.samples.tcc.transfer.action.impl.SecondTccActionImpl"/>

    <bean id="transferService" class="io.seata.samples.tcc.transfer.activity.impl.TransferServiceImpl"/>

    <bean id="transferDataPrepares" class="io.seata.samples.tcc.transfer.env.TransferDataPrepares"/>

</beans>