<?xml version="1.0" encoding="UTF-8"?>
<!--
  ~  Copyright 1999-2018 Alibaba Group Holding Ltd.
  ~
  ~  Licensed under the Apache License, Version 2.0 (the "License");
  ~  you may not use this file except in compliance with the License.
  ~  You may obtain a copy of the License at
  ~
  ~       http://www.apache.org/licenses/LICENSE-2.0
  ~
  ~  Unless required by applicable law or agreed to in writing, software
  ~  distributed under the License is distributed on an "AS IS" BASIS,
  ~  WITHOUT WARRANTIES OR CONDITIONS OF ANY KIND, either express or implied.
  ~  See the License for the specific language governing permissions and
  ~  limitations under the License.
  -->
<beans xmlns="http://www.springframework.org/schema/beans"
       xmlns:xsi="http://www.w3.org/2001/XMLSchema-instance"
       xmlns:dubbo="http://code.alibabatech.com/schema/dubbo"
       xsi:schemaLocation="http://www.springframework.org/schema/beans http://www.springframework.org/schema/beans/spring-beans.xsd
       http://code.alibabatech.com/schema/dubbo
       http://code.alibabatech.com/schema/dubbo/dubbo.xsd" default-autowire="byName">

    <dubbo:application name="tcc-sample-reference">
        <dubbo:parameter key="qos.enable" value="false"/>
    </dubbo:application>
    <!--使用 zookeeper 注册中心暴露服务，注意要先开启 zookeeper-->
    <dubbo:registry address="zookeeper://127.0.0.1:2181"/>
    <!--<transfer:registry address="multicast://224.5.6.7:1234?unicast=false" />-->

    <dubbo:protocol name="dubbo" port="-1"/>

    <dubbo:provider timeout="10000" threads="10" threadpool="fixed" loadbalance="roundrobin"/>

    <!-- 第一个TCC参与者 服务订阅 -->
    <dubbo:reference id="firstTccAction" interface="io.seata.samples.tcc.transfer.action.FirstTccAction" check="false"
                     lazy="true"/>

    <!-- 第二个TCC参与者 服务订阅 -->
    <dubbo:reference id="secondTccAction" interface="io.seata.samples.tcc.transfer.action.SecondTccAction" check="false"
                     lazy="true"/>

</beans>