<?xml version="1.0" encoding="UTF-8"?>
<!--
  ~  Copyright 1999-2019 Seata.io Group.
  ~
  ~  Licensed under the Apache License, Version 2.0 (the "License");
  ~  you may not use this file except in compliance with the License.
  ~  You may obtain a copy of the License at
  ~
  ~       http://www.apache.org/licenses/LICENSE-2.0
  ~
  ~  Unless required by applicable law or agreed to in writing, software
  ~  distributed under the License is distributed on an "AS IS" BASIS,
  ~  WITHOUT WARRANTIES OR CONDITIONS OF ANY KIND, either express or implied.
  ~  See the License for the specific language governing permissions and
  ~  limitations under the License.
  -->
<beans xmlns:xsi="http://www.w3.org/2001/XMLSchema-instance"
       xmlns:dubbo="http://code.alibabatech.com/schema/dubbo"
       xmlns="http://www.springframework.org/schema/beans"
       xsi:schemaLocation="http://www.springframework.org/schema/beans http://www.springframework.org/schema/beans/spring-beans.xsd
       http://code.alibabatech.com/schema/dubbo
       http://code.alibabatech.com/schema/dubbo/dubbo.xsd" default-autowire="byName">

    <dubbo:application name="saga-sample">
        <dubbo:parameter key="qos.enable" value="true" />
        <dubbo:parameter key="qos.accept.foreign.ip" value="false" />
        <dubbo:parameter key="qos.port" value="33333" />
    </dubbo:application>

    <dubbo:registry address="zookeeper://127.0.0.1:2181"/>

    <dubbo:protocol name="dubbo" port="-1"/>

    <dubbo:provider timeout="10000" threads="10" threadpool="fixed" loadbalance="roundrobin"/>

    <dubbo:service ref="inventoryActionImpl" interface="io.seata.samples.saga.action.InventoryAction"/>

    <dubbo:service ref="balanceActionImpl" interface="io.seata.samples.saga.action.BalanceAction"/>

    <bean id="inventoryActionImpl" class="io.seata.samples.saga.action.impl.InventoryActionImpl"/>

    <bean id="balanceActionImpl" class="io.seata.samples.saga.action.impl.BalanceActionImpl"/>

</beans>