<?xml version="1.0" encoding="UTF-8"?>
<!DOCTYPE generatorConfiguration
        PUBLIC "-//mybatis.org//DTD MyBatis Generator Configuration 1.0//EN"
        "http://mybatis.org/dtd/mybatis-generator-config_1_0.dtd">

<generatorConfiguration>
    <properties resource="mybatisGenerator.properties"/>

    <classPathEntry location="${drive.class.path}"/>

    <context id="mysql" targetRuntime="MyBatis3">

        <commentGenerator type="com.yunche.generator.CustomerGenerator">
            <property name="suppressDate" value="true"/>
            <property name="suppressAllComments" value="true"/>
        </commentGenerator>

        <jdbcConnection driverClass="${jdbc.driver}"
                        connectionURL="${jdbc.url}" userId="${jdbc.username}" password="${jdbc.password}">
        </jdbcConnection>


        <javaTypeResolver>
            <property name="forceBigDecimals" value="false"/>
        </javaTypeResolver>

        <javaModelGenerator targetPackage="${model.package}"
                            targetProject="${target.project}">
            <property name="enableSubPackages" value="false"/>
            <property name="trimStrings" value="true"/>
        </javaModelGenerator>

        <sqlMapGenerator targetPackage="${xml.mapper.package}"
                         targetProject="${target.resources}">
            <property name="enableSubPackages" value="false"/>
        </sqlMapGenerator>

        <javaClientGenerator type="XMLMAPPER"
                             targetPackage="${dao.package}" targetProject="${target.project}">
            <property name="enableSubPackages" value="false"/>
        </javaClientGenerator>

        <table tableName="tb_user" enableCountByExample="false"
               enableUpdateByExample="false" enableDeleteByExample="false"
               enableSelectByExample="false" selectByExampleQueryId="false">
        </table>


    </context>
</generatorConfiguration>